No;L;Z;X;Y
1;-0.766796035;-0.467432164;0.386064279;0.356067397
2;-0.816458344;-1.943635891;-2.08879952;-3.529076655
3;-0.141535186;0.440830607;1.481944559;1.504950988
4;-0.27760503;0.577571791;-0.864171097;-0.350353579
5;0.436306898;0.051883191;-1.294042069;-1.564548974
6;-1.186872525;-1.89720761;-2.672514228;-2.67716912
7;1.191986908;1.449227057;1.439117106;1.728317772
8;-0.018190343;0.062422728;0.942594892;1.93934325
9;-0.248084598;-0.451594785;1.255840908;3.91346026
10;-0.362936891;0.387899901;-0.028429539;-1.085082956
11;1.277570548;-0.230897842;-0.918827142;0.649645371
12;-0.468897147;1.274167133;0.956026329;-1.269388097
13;0.071054102;1.184486229;1.023954629;-0.232064145
14;-0.26603845;0.434151457;1.876758117;2.936558221
15;1.845257195;1.108574908;1.366487366;2.730489573
16;-0.839449657;-2.628758356;-4.652441539;-3.974260145
17;-0.077448059;-1.661670304;-1.662578166;-3.207113082
18;-2.617705526;-3.312370392;-0.783980684;0.296242446
19;0.887884026;-0.463736877;-0.681056775;-0.460425705
20;-0.707491446;-1.650163639;-2.131062197;-0.71449765
21;1.75699294;1.389483428;1.568089872;2.428757723
22;0.182252143;0.670600891;1.29400534;2.162547889
23;-0.266888745;0.6874436;0.173302989;-2.133976374
24;0.926421631;1.252594647;-0.118734687;-1.770521537
25;-0.693331877;-0.207938952;1.118461524;2.397329228
26;2.68199007;2.707040352;1.320752037;1.698904701
27;0.22252448;-0.047674777;-0.268927075;-0.120212794
28;-0.706672412;1.274125627;1.192313769;-0.305838302
29;0.417213246;-0.049821508;-0.25418958;-0.684806109
30;0.369556778;-1.291097416;-0.374277956;1.969386432
31;-0.913764349;-0.748572762;-1.339970859;-2.481051124
32;-0.316914745;-0.830576476;-0.064614094;0.309869082
33;1.049059205;1.854742741;1.5505899;1.564600494
34;0.168111807;-1.997342694;-3.01992626;-4.11234141
35;0.031440212;0.700580239;1.628397924;2.309525869
36;-1.010330539;-0.71756052;-0.665907524;-0.908409804
37;0.382751532;-0.182367547;0.124022718;-0.429802459
38;-0.819696526;0.96582355;0.854101593;0.160041653
39;0.361711094;1.300401539;2.385924569;2.580211944
40;0.093371363;-0.018923821;-0.63406413;-1.151858019
41;-0.808456344;-0.970309195;0.033932484;-1.213669076
42;-2.019381694;-1.969381322;-2.333937397;-1.883864877
43;-0.738724072;-1.07380637;-1.427161684;-0.894588226
44;0.382886561;0.639591859;0.925219516;2.155980177
45;1.730863668;2.521000684;4.062903658;6.33096897
46;-0.203081951;0.27044974;2.033655013;2.552778703
47;-0.996397348;0.959850611;0.15374552;-2.156609479
48;-1.306536295;-0.271475809;0.302546999;-0.616346404
49;-0.997831604;-0.182531003;-1.237241586;-2.288956182
50;-0.565028726;-0.863547365;0.886910363;0.396199982
51;1.752057836;1.565233096;1.960326711;3.642136537
52;-0.547771352;-1.7659375;-1.276969643;-0.021846337
53;-0.858525708;-0.335481713;-1.421140303;-2.244329752
54;0.049294533;-0.207769126;0.903559596;0.879963905
55;-0.200044482;0.638987788;0.34726385;-0.663721847
56;-1.103954449;-1.245571087;-2.379688056;-2.273063869
57;0.240588038;-0.717560086;0.649462472;2.477250675
58;0.381113616;1.061512453;-0.505617703;-2.918754168
59;2.23045895;2.23891859;1.578353794;4.587784205
60;1.199202392;2.602218769;2.434121779;1.544852526
61;0.281222227;-0.730535985;-0.628742463;1.059992757
62;-1.202708626;-3.264071663;-2.196010197;-0.744474334
63;0.465163691;1.03642034;0.896584741;0.97427712
64;0.352016386;1.0420646;0.931419384;1.653717821
65;-0.589856217;0.41511762;0.070985413;-1.301035231
66;-0.853599959;1.220590404;1.336377686;-1.129327739
67;-0.24673212;0.076730489;1.842277269;0.552831152
68;1.539338571;1.488787731;2.275763544;3.963750278
69;0.546077684;2.247053219;2.057630444;1.047319521
70;1.564961851;1.966163402;3.674238046;7.750424037
71;0.249670178;-1.152678515;-0.580558625;2.05074742
72;-1.96241863;-2.662462793;-1.164464499;0.419871099
73;-0.809060223;0.270274668;2.603674769;2.817451532
74;-0.498685088;-0.04143215;-0.631135332;-0.799373391
75;0.305121769;0.337411206;-1.719024185;-3.362305089
76;-0.289207242;0.588887283;0.682567184;-0.140575448
77;1.457714201;0.448875279;-0.551025031;0.39455632
78;0.873755484;0.205857357;-0.004199764;-0.014781946
79;-0.952956042;0.213314244;0.751814523;0.0257393
80;-0.031675476;0.975650325;0.075182705;-1.365462319
81;0.114075874;-1.912079229;-1.721232102;-0.72408847
82;-1.053659881;0.139387704;-1.011435573;-1.711610187
83;0.155999145;2.944856219;1.870421093;0.670092678
84;1.300394214;0.852100633;0.786929389;-0.271967668
85;-1.155886445;1.13594543;0.855916578;-2.527161279
86;0.216041853;0.397743512;2.253182831;3.839850985
87;0.80447819;1.851920677;2.154564928;2.983106259
88;-0.732115729;-0.227014149;-1.361200686;-3.198308095
89;-1.618098119;0.081467119;-0.503545962;-2.382283835
90;0.839069271;1.807697719;2.891941243;5.380773395
91;-0.351437947;-0.913060712;-0.984476956;-2.087458737
92;-0.716284394;0.05185098;-0.190961458;-1.490170627
93;-0.940291853;0.770907532;0.51724286;-2.27085697
94;0.730165709;2.183009961;2.963207778;4.908736744
95;-0.43787048;0.883940653;2.335151507;3.40920381
96;-0.2493821;-0.479204562;-1.944116348;-3.446541498
97;-0.672070936;-0.525471477;2.034696183;2.633396672
98;0.801014067;1.154860705;1.701129907;1.875119034
99;-1.48886193;-2.273697166;-2.340300048;-2.627674545
100;0.454011596;-0.47870657;-2.008946306;-2.417067825
101;0.921280562;-0.300229608;-0.240343325;1.223107136
102;-0.314415728;0.218986349;-0.126519439;-1.934431975
103;0.662314881;-0.66324769;0.32880199;1.759719914
104;-1.136960886;-0.172445942;-1.968256629;-2.692997804
105;0.625998996;0.305601487;1.25116006;3.419232593
106;-0.771144493;-0.528929325;-0.513617476;-0.994582426
107;0.0669433;-0.293379233;-0.112664402;-0.24783166
108;-1.671544514;-1.647827737;-0.92280597;0.040877648
109;-0.878384432;-0.298404398;0.255792177;-0.887860073
110;0.334929571;0.100885223;0.520904324;0.242016886
111;0.156027746;-0.231017293;-1.845576708;-3.652636467
112;0.172642947;0.023884653;-1.025567567;-0.847970808
113;0.55437214;-0.21679791;-1.052220278;-2.62667007
114;-0.075860869;-0.254244242;1.077013166;2.92428807
115;0.912508838;1.357608901;1.401208004;0.504154417
116;-1.902915081;-3.379188925;-2.626128222;-1.339585083
117;-1.200073804;-1.164743069;-1.217346321;-2.527376633
118;-0.511355172;-0.984685589;-0.808741309;-0.913435365
119;0.572218422;0.855011828;0.898101837;1.434082123
120;0.18069075;0.198364039;-0.177962549;0.237024559
121;1.204615625;1.846132831;1.626678704;2.525308221
122;-0.245160723;-0.023078132;0.234663025;1.085568706
123;0.00607183;-0.927982548;-2.384848766;-1.393762874
124;1.231619505;1.028266731;-0.365704915;-1.54666132
125;-0.286016124;-0.024023268;0.875246816;0.225052467
126;-0.702368902;1.530685294;1.391523112;-2.028663884
127;1.156379988;1.880766531;2.494572872;3.885686654
128;1.187069116;1.658509514;2.410292709;2.331291861
129;0.310144877;0.665262157;-0.435463566;-3.043736695
130;1.290815682;1.267647298;1.58080004;0.897517012
131;0.619983848;0.240254835;-0.172904056;1.31071655
132;-2.00362002;-3.302736457;-3.535685197;-4.322397377
133;1.002172731;1.07395441;2.952727967;5.462509944
134;0.081672982;1.791883499;1.183802929;0.706938709
135;-1.838469377;-2.155017153;-1.090110855;-0.491110257
136;-1.594651031;-0.451656614;0.741047804;-0.195474926
137;-1.002284559;-0.469666871;-1.841419945;-1.976212309
138;0.295699953;0.025345377;1.408604058;3.007117302
139;-0.08825668;-0.449916727;0.900189958;3.21184055
140;0.670839933;2.592530859;0.585041613;-2.473546788
141;1.155698931;1.071920594;2.106613544;2.455437491
142;0.852344234;0.240365119;-1.894046796;-2.696570965
143;-2.535538459;-3.299197475;-1.65876943;-0.159040989
144;-0.613050973;-0.775617212;-0.431579884;-0.509138301
145;-1.552569095;-0.477793331;-0.322745742;-1.689209827
146;0.743710523;-0.088625136;0.327124683;2.679423983
147;0.249188966;0.810633354;0.675721809;0.430633626
148;-0.559387516;0.394120779;0.361758769;-0.036478555
149;0.52752672;-0.778501851;-0.615208144;-0.528952512
150;-1.543953739;-1.208304946;-1.706411041;-4.022843598
151;-0.627300794;-1.124850278;-0.792533827;-2.87519315
152;-0.879611573;-1.146069238;-0.799148005;0.193939686
153;-0.305311045;-0.938002841;0.275774059;2.228000442
154;-0.145686392;-0.582011349;-0.660537738;0.861453062
155;0.445589152;1.145678267;1.387575047;1.449118139
156;0.98855703;0.151472384;2.997983322;5.085128636
157;0.269382139;0.283221479;-0.256549845;-2.755488703
158;0.022034629;0.215212738;0.093700906;1.252924492
159;-0.296476566;-1.224332781;-0.575891111;-0.375836422
160;-0.292786021;0.06379956;-1.180596618;-2.154059991
161;1.11230059;1.18965617;1.589814319;4.100368476
162;-0.686113065;-2.032131811;-3.210666377;-2.870589489
163;-0.959263711;-0.642994305;-1.223636878;-1.759155799
164;0.136851579;-2.704061634;-2.801656159;-2.815663247
165;1.287425382;-0.297538609;0.802468832;3.927924596
166;0.499552084;0.350755373;-0.305634179;-1.375063758
167;-0.080167103;-0.48943029;-0.120853485;-0.811320459
168;-2.03851039;-1.134364188;-1.81688691;-2.814446159
169;1.805687868;1.290362055;1.418538937;3.940846672
170;-0.417693038;-0.714396248;0.49176187;2.07264432
171;-1.42628435;-2.271207323;-1.914809697;-1.053163446
172;-0.329415604;0.380585511;1.554862363;-0.196795224
173;-1.05435009;0.357018409;1.445560434;0.100347258
174;-1.795476255;-1.900598803;-1.294486547;-1.114979014
175;-1.124912659;-0.918161714;-1.539966871;-3.000436169
176;0.1358337;-0.07626557;-2.505015509;-3.489105479
177;-0.232585768;0.730563718;-0.621047757;-2.314606545
178;-0.428256858;0.416383088;0.05469158;-0.954273209
179;0.367826821;0.970100734;-0.085217469;-1.189908433
180;-2.737955108;-2.216799515;-2.114294996;-4.840108983
181;-1.378702904;-0.66859114;-0.427713314;0.27333775
182;0.444491365;0.158603659;-0.015653467;0.34084973
183;-0.077296354;2.261991495;2.815750979;1.920729968
184;0.87876724;2.462646448;3.750451798;3.111127906
185;0.168969322;0.879623909;-0.377269271;-0.734819194
186;1.298310537;1.840114094;2.535728837;3.023925616
187;-1.265662577;-0.83997379;-1.79784604;-3.370940093
188;-0.577312301;-0.77320377;-0.868457502;-0.205654464
189;0.442639686;-0.062057436;0.841027394;1.813319871
190;0.64981343;0.498035078;1.50497446;1.662051506
191;-0.865388524;0.094326151;-0.207866946;-1.716632136
192;1.425607846;0.387616041;0.855342605;4.435788182
193;-1.834563609;-3.25585315;-3.369551926;-0.925237898
194;0.633351771;-0.328761152;-0.601386999;-0.386866224
195;0.610667746;0.965040177;-0.292356615;-2.590949179
196;0.246210205;0.067549637;0.683142238;0.66399279
197;-0.950660419;-1.167331278;-0.884744702;0.568199301
198;0.198127478;-0.233887602;0.466758101;2.87611976
199;1.427911397;0.34914782;1.709424614;4.959620444
200;-0.851000726;-1.157278265;0.857266946;1.80735906
201;2.014903005;3.733899828;4.520406371;4.80124736
202;-0.225368388;-0.652803935;-0.85547888;-0.423941831
203;-1.03984564;-0.351081331;0.14455494;-1.246341463
204;-0.173983576;-0.834606305;-0.683891936;-0.261010677
205;-0.718389003;-0.753433845;-0.756425828;-1.827072042
206;-1.400611698;-2.418705412;-2.047299915;-1.738508361
207;-0.02046552;-1.860124895;-1.987039669;-0.189329485
208;-0.245390769;2.071502816;1.752844013;0.614451039
209;-1.592111856;-1.748563351;-1.273863268;-1.105586181
210;0.778317779;1.376206624;0.066571572;1.481776647
211;0.04692198;0.454716722;0.393927959;-0.558289916
212;-0.521130012;-0.899879031;-0.727387688;0.139167992
213;0.234936048;-1.259689083;-2.160915102;-0.181916535
214;0.602802471;0.411254492;-1.018160016;-0.808333507
215;1.24360289;1.373544223;0.019102233;0.211328328
216;-0.421020979;1.46854865;1.407576502;-1.67005002
217;-0.592067701;0.219444615;-0.031242732;-1.598034989
218;1.585977286;2.846781459;4.227104604;7.322948227
219;0.731802016;-1.461755333;1.451573817;4.417219729
220;0.42905305;1.276412193;0.418857631;-0.855840662
221;0.17464321;-0.165027028;-1.467586283;-0.746385131
222;0.304657879;1.586673605;0.731902271;-0.846000657
223;-0.22866985;-0.465600906;0.032752716;-1.346866895
224;1.534432574;1.212284607;0.904842647;1.045704013
225;-0.296381638;-0.606193144;-1.05591043;-0.960381519
226;-0.318682883;-0.499492916;-0.515217289;0.038851556
227;-0.414769865;-0.041905306;0.564008999;1.512513663
228;0.461813337;3.635390265;5.055169435;3.489233226
229;-0.99140158;0.513618094;-0.441049862;-1.174006386
230;-0.877362889;0.75028353;0.483650926;-0.578983379
231;1.069130174;-0.69473886;-2.133728178;-1.806753946
232;-2.20990708;0.695927052;1.671605931;0.638973516
233;0.716522615;-0.277555402;-0.980274278;0.501835499
234;-0.037119045;0.497107386;0.261877542;-0.208775075
235;1.472749005;2.562903794;0.992592208;1.507375905
236;1.177225175;1.193897101;-0.684945717;-0.149084262
237;-0.65875215;-0.441258465;-2.191503236;-2.857159051
238;-0.159907809;-0.28650528;-1.141388537;-0.887620207
239;-2.470139274;-0.922434117;0.597695158;-1.327751299
240;-0.308779844;0.957543109;1.207735259;1.066390381
241;0.702859081;0.117279439;1.245986775;1.459401318
242;-0.463486219;-0.176530464;-0.059614143;0.752484328
243;-1.087678887;-1.237811507;-0.522702511;0.485341845
244;0.446417507;-1.557836814;0.290931788;2.507017426
245;-0.374230385;-0.050685033;-0.199179658;-0.87744986
246;0.795608288;2.010641218;2.457640558;3.790624381
247;-1.019294355;-0.355450094;0.94786565;-0.780330102
248;-2.271011266;-1.136685323;-1.242814896;-3.072359635
249;-0.493712657;-0.262733502;-0.182903492;-0.429623275
250;-0.407110665;0.789075249;1.917713025;2.353908267
251;-0.338578654;-1.229180899;-1.120951594;-0.559773108
252;0.323379254;-0.013967815;-0.853051143;-0.793881093
253;0.004163806;0.652375074;-0.442227692;0.093490956
254;1.365219477;-1.141579477;-0.760037132;0.846888228
255;-1.225602543;-0.120987334;-0.581778473;-3.74068913
256;-0.308544089;-0.289564617;-0.36438685;-0.432547754
257;0.113966959;0.176926313;-0.640506093;-1.743177304
258;1.386626249;2.447845396;2.537078377;2.901812024
259;-0.069204002;0.334968782;1.169738128;-0.566827969
260;1.316942654;2.764466635;5.588000813;8.274895898
261;-1.590025408;-1.21805478;-0.657559987;-0.925654287
262;-0.238751558;-0.825227142;0.038566528;0.817774129
263;-0.246450266;-1.194803376;0.541346175;1.817715943
264;1.137648594;0.262082926;-1.511568631;-2.055236884
265;0.681558754;1.222231308;0.553476477;3.271713401
266;-0.402219168;-0.663625374;-0.951202162;-0.796238462
267;-1.723099822;-3.443490205;-4.883220707;-3.471483179
268;-0.877496823;-0.838269144;-2.436170632;-4.736869706
269;-0.031573485;-0.641037712;-0.142606127;-0.884574186
270;-0.442430718;-2.232076924;-1.302992501;1.494126451
271;1.165363457;0.598502697;0.035171221;0.174140463
272;-1.333609699;-2.629696401;-3.078541818;-2.939086605
273;-0.635098452;0.639388897;0.982564142;-0.44698037
274;0.485749363;-0.187850483;-0.310552081;0.988260665
275;1.082289839;0.882851169;1.928464587;3.217665736
276;0.405969392;-0.099742837;0.572800152;2.016250793
277;-1.040753839;-2.177564073;-2.536126156;-3.460492254
278;1.62010482;2.554550742;2.290841769;3.259029319
279;-0.091005958;0.361812399;0.326600895;-2.551101978
280;-2.425725214;-2.391196613;-4.477605897;-2.157623128
281;0.110894974;-0.218726705;0.263822495;-0.100225654
282;0.527295161;1.156430135;1.045893397;1.422717209
283;0.691918599;1.206763508;0.489483628;1.044703569
284;-0.380492917;-0.602591115;-2.54770077;-3.464256769
285;0.461650935;-0.749719243;-2.647877496;-2.791028039
286;0.50556373;1.37692798;0.600563554;-2.033746954
287;1.019974284;0.722037833;0.127971185;-0.014528818
288;0.249844177;-0.011858674;0.129173337;0.688609856
289;1.179093491;0.742295434;0.10399466;0.584399866
290;1.105736556;1.164273249;0.697795674;1.145176198
291;0.608614475;-1.296042702;-0.166003848;1.560979214
292;-0.740981962;-1.728926182;-1.25396766;-0.664509124
293;1.846055773;1.759375754;1.362810441;2.046984316
294;1.133233297;1.040974745;2.056231659;4.501668132
295;-1.22988759;1.284068419;0.923006297;-1.778508861
296;1.245224349;1.513126563;0.683042013;2.057692101
297;1.475345991;0.860044657;1.38431545;2.24217933
298;-0.328768987;-2.249176318;-3.244848419;-3.284320965
299;-0.386995904;-0.107729555;-0.779104753;-1.381103418
300;-1.213996426;-2.199995991;-1.333208252;-1.526001049
301;0.790045635;-1.389691306;-3.018765391;-3.425199357
302;0.087127465;-1.798394849;-2.899307171;-2.601368196
303;1.876112123;2.455930453;1.856632021;3.196944102
304;-0.598790497;0.781979256;-0.432961894;-1.832590608
305;-1.838914156;-0.189774459;-0.320088858;-3.824388133
306;-0.732506149;-1.706863736;-1.899752578;-2.017886671
307;1.825222129;2.75900468;2.642856278;3.791339481
308;0.584006686;1.732056507;1.282409559;0.382869613
309;-2.004340145;-3.381683646;-4.150808428;-2.836098686
310;-0.380737813;-0.196198093;-0.551375051;0.040723733
311;1.565184106;2.14380019;1.08906547;1.730191547
312;-1.840277529;-1.301507596;-0.222210649;1.774726841
313;-1.947993745;-1.021522646;-2.299438859;-2.851234434
314;-0.659586329;0.920230967;0.139751024;-0.051901215
315;1.432703109;1.169930539;0.733895209;1.753542212
316;-0.660560654;1.028201299;2.431126264;2.580018947
317;1.25660714;0.344051064;-0.994757873;-1.583760149
318;0.775751473;0.819215775;-0.452244277;-1.419733109
319;0.69759281;1.027064588;0.72452519;0.121123548
320;-0.459614967;-1.572098214;-0.638975199;0.857085758
321;0.085801369;0.146243265;-0.232478914;-0.678819301
322;1.350439314;2.909855358;1.237337109;1.358633821
323;0.535410731;-0.706789208;-1.911833447;-0.758283798
324;0.117251757;1.018954487;1.207671693;0.24388959
325;0.446943475;1.175513074;2.171166782;3.122702208
326;1.059542539;1.219992389;0.544169992;-0.300812045
327;2.76252893;2.568421727;1.277807077;4.64472732
328;-1.130843878;0.101255313;-1.340752522;-5.028689615
329;0.433213564;-0.012957262;1.302053349;2.252501528
330;0.597387287;-0.160414282;-1.575946921;-1.057282726
331;-0.245719599;-0.054052381;0.080431229;-0.438898562
332;-0.041319393;-0.484439295;1.028027278;1.763712852
333;0.24580423;1.459604432;2.61419301;3.911192719
334;-0.33447921;-0.053446338;0.500382572;0.857979428
335;-0.513063145;-1.885124394;-2.829342684;-3.225276648
336;-0.573760288;-0.220486392;0.679541753;1.954286554
337;0.330720651;-0.126929591;-0.280674609;0.107581841
338;-0.207040503;0.405216693;-0.94025504;-0.576723078
339;0.733324507;1.095121911;1.960831978;3.795515541
340;2.46818719;0.589029999;1.448891961;4.699510053
341;-0.217931488;-1.513823278;-2.578078196;-1.271517388
342;0.126348861;-0.089735708;-0.561429564;-0.225278637
343;-1.116227551;-1.022291051;-1.47223153;-1.942373151
344;-0.824242067;-2.359393246;-0.773351139;0.994730139
345;1.160447201;0.94363209;-0.512291658;-0.965071321
346;0.789069451;-0.49417639;-1.455461143;-0.522970157
347;0.451083043;0.190106224;1.252354838;1.720114888
348;0.160045603;1.528058701;2.047841391;2.320862669
349;-1.140033047;-0.809600949;0.664275997;1.837234634
350;-0.316292134;-1.117825262;-2.507095951;-2.794700484
351;1.415558308;0.833201245;-1.338740832;-1.719429061
352;-0.791388118;0.330364979;0.772772329;1.350040493
353;0.916281479;-0.638163225;-1.22066589;-1.593422855
354;-0.724575772;-1.036281408;-0.318536948;1.414382126
355;-0.599381428;-0.298938435;0.098987386;-0.601256609
356;-0.468056842;-1.287189016;-0.637626781;0.15445274
357;0.949734816;0.468797318;-0.961600767;-1.81216516
358;-0.718544142;-0.827157541;-0.29361453;0.876436581
359;-0.220492241;-1.12009137;-2.250082576;-3.877076299
360;0.908898148;0.579899788;1.290257317;4.095430136
361;0.46288644;0.411137278;0.951217445;1.44275097
362;0.439248636;-1.372364627;-0.07394035;1.32984284
363;1.09626791;1.698438048;1.830857107;3.188088726
364;-0.707751072;-0.711443954;-1.114961208;-2.615462995
365;-1.167604705;-1.595252216;-3.298937807;-3.489230255
366;-0.635911577;-0.492245676;-1.270042961;-3.08332338
367;-0.104937885;-0.731358357;-0.671077263;-0.506625912
368;0.414035272;0.569417352;1.749155914;2.77279049
369;-0.409941514;-1.056044798;0.552618222;1.523141798
370;-0.022633918;-0.1220534;-0.944229497;-1.038578013
371;0.758070693;0.418034671;1.011484;2.034119666
372;-0.338272387;0.608774051;0.394825507;0.213981633
373;0.610029225;2.161850663;3.459548601;4.031232586
374;-0.506021394;-0.780079863;0.076707246;0.243691717
375;-0.776643464;0.246488645;-0.345503922;-2.658989227
376;2.731826017;1.183499954;1.100179696;4.174231394
377;-0.357647545;1.062359706;2.964942928;3.11101357
378;0.195770281;-0.521785977;-1.05740003;-2.216520887
379;0.202133476;1.10689335;1.390857349;1.45060807
380;0.086758469;-0.182498526;-0.840211303;0.011555347
381;0.102257929;1.186722798;-0.554935788;-2.188551979
382;0.047096594;1.614084045;1.37580648;2.927077267
383;0.039186863;-0.76246461;0.124588693;1.032083256
384;1.14635982;1.815253943;2.361089592;3.466557603
385;-0.75864383;0.685636844;2.089745337;0.058371162
386;0.459847119;0.393455011;0.097729772;0.960954684
387;-0.316905675;0.422286434;1.211844202;0.251528031
388;1.051592721;0.336533046;0.995794266;2.303732678
389;-1.734529934;-1.281770978;-2.404425634;-2.800216609
390;1.737180428;2.679149639;-0.698805329;-1.924695913
391;-0.189652659;-1.14230518;-2.021124418;-2.20032208
392;-0.909650361;-1.801224387;-0.260757778;1.765900052
393;1.127016138;-0.307578875;-0.088525126;-0.101983606
394;-0.501474489;-1.631870281;-3.846236044;-3.44989904
395;0.884771107;0.534933695;0.808082729;1.13133319
396;1.263719476;2.064548169;2.807365001;6.613755212
397;-0.792704983;0.354037136;0.976688252;0.981762373
398;-0.243826961;-1.508228431;-1.4123967;0.994675094
399;-0.323755271;0.884771238;-0.375066336;-1.1703131
400;1.648490625;1.61665084;2.856918651;3.888731167
401;-1.424469936;-2.253811016;-1.812824497;-1.705342642
402;-1.029602645;-0.470412405;0.230417695;-1.165673031
403;0.734025436;1.709199182;0.89670965;-0.383764645
404;0.346281821;-2.984787691;-3.030509356;-3.522190104
405;-0.962900869;-2.303068335;-3.271890224;-1.960644079
406;-1.500134041;-1.1249961;-0.294401793;0.537620358
407;-0.399305248;-1.314564713;-0.848751382;-0.613351152
408;0.368301669;-0.550380454;-1.510332717;-2.231605823
409;-1.9546896;-4.088997259;-2.819695794;-0.564183045
410;-0.599683059;-0.935064839;-1.582355232;-1.883353189
411;-0.976586571;0.237496636;-0.727858485;-2.020354239
412;0.489800022;-0.095701032;0.81923241;2.028538019
413;-1.448340382;-1.24888326;0.444188227;0.953597784
414;1.337359318;1.314997903;0.589962674;1.546989701
415;0.103453367;-0.873074903;-0.19410814;-2.210705627
416;-0.784212325;-1.618274937;-0.601738772;0.032187939
417;0.69014997;0.843574087;-0.500180893;-1.673683021
418;0.850241317;-0.476483562;1.385446968;3.653216392
419;-0.154435844;-0.875250278;-0.190294212;2.029378724
420;1.433320067;-0.369965531;-1.053595482;-1.15826866
421;2.080001958;2.419556741;3.216706022;6.893120698
422;0.013981877;0.808120944;0.957904668;1.683679488
423;-0.285683389;-1.6326855;1.765773804;2.600547704
424;-0.172289301;0.557715533;0.032004742;0.569906467
425;0.214251302;1.264820797;0.957573452;1.210503772
426;0.338084408;1.999433948;3.18182231;3.574318572
427;-1.346077297;0.00830902;0.517565499;-0.437624559
428;0.519765486;-0.123708228;0.720083579;2.942217781
429;0.40980852;-2.76763377;-3.850580582;-4.530635384
430;-0.237833105;-0.496747884;-1.423084179;-2.908548985
431;-1.000687227;-0.551888767;0.701071837;1.659797363
432;-0.438771529;0.953121324;0.142509254;-1.580564214
433;-0.813009186;-0.446551471;0.029748715;-0.398331532
434;0.23138773;0.847586042;0.992182879;1.01153127
435;0.289146389;-0.398542777;1.925414831;3.014354384
436;0.315786171;1.869479428;1.700789286;1.743235578
437;0.66608004;0.836980573;1.258536805;3.86271826
438;-0.504533278;0.210870065;-1.881741213;-4.463535398
439;1.890818645;1.980538622;1.655738312;2.806637459
440;-0.711731469;-2.45144437;-4.086858205;-3.905717177
441;-0.927349135;0.673762404;1.928052161;1.015859686
442;-0.053823856;-1.059014042;-1.375567524;-1.441787308
443;0.09360157;0.369913705;2.325651642;4.431577074
444;-0.078641898;-0.348807393;-0.812572576;-0.607869846
445;0.41861355;0.057878563;-1.418409086;-2.982889758
446;-0.822196169;0.374056378;1.569055661;1.22642439
447;0.305667831;1.063948846;0.04488858;0.266480315
448;2.420588077;2.036774799;2.313523826;4.631709012
449;1.111076194;0.313541171;2.417264716;5.073102414
450;-1.026129252;-1.335969689;-2.944836263;-4.080976724
451;-0.38367349;0.50367264;2.039145186;2.63060124
452;-0.794504169;-0.193970949;-1.060819961;-2.240646724
453;-0.275907077;-2.362717186;-1.872109265;-1.250915647
454;-0.153794125;-2.907001498;-2.072927546;0.411482176
455;0.993936198;0.670122738;1.581649442;2.080513975
456;-0.431775655;0.330152136;2.010519109;1.942269452
457;-0.40363476;-0.529382884;-1.618593008;-2.07166746
458;-0.545684064;-0.083552924;-0.001810195;-1.011725515
459;0.994931892;-0.38735374;-1.283265407;-0.311351591
460;1.024675746;2.15519671;2.051776204;2.045557787
461;-1.661464877;-1.356356463;-0.986847946;-1.646327675
462;0.212618419;0.626009533;0.614571909;-0.083190795
463;-0.060254627;-1.142727603;-2.41210276;-1.96014622
464;0.747129502;0.301328526;0.561770634;1.919444208
465;0.738243387;1.609313589;1.546173242;1.657468855
466;-1.029903034;-1.922243403;-2.666156752;-2.616531301
467;0.742945048;1.256702558;1.5506551;1.01331818
468;0.395568333;1.806185983;1.915317252;1.142960495
469;-0.489549486;-0.522226633;0.327302042;1.074610298
470;0.249000885;1.857700877;1.298613681;0.69594141
471;-1.085184335;-0.886141976;-1.345574526;-0.891906491
472;-0.18019325;-0.176949987;-0.33208727;-1.15881075
473;-0.279390052;1.917069377;2.839478808;2.143936663
474;-0.750080624;-1.232182517;-1.735754202;-0.289597538
475;0.400512803;1.22170962;1.951438596;5.10130694
476;-3.041074138;-3.9851145;-3.802467371;-4.513530743
477;0.152283881;1.527840651;0.021329649;-1.294921492
478;-0.26751978;-1.614893092;-2.176761207;-1.340991364
479;0.566995363;0.569179701;0.808239131;2.841618782
480;-0.002669043;1.175267116;1.644029324;2.705164025
481;0.242563406;0.930951961;-1.078008438;-3.425520727
482;1.215560147;0.999229647;0.99229627;1.240743276
483;0.507984467;1.156639613;2.180358392;2.880648969
484;-0.251669054;-1.38101729;-1.211595868;-2.038327269
485;0.343726318;0.234579166;0.90880977;1.361644815
486;0.278039162;-0.886957005;-0.87603329;-0.349308161
487;1.213744292;1.009494967;-0.951640272;-1.262931041
488;0.49534229;0.666370031;0.657946365;2.901146153
489;0.188955725;2.406192201;1.790646542;1.224442068
490;-0.502247172;-0.856463812;-0.809350802;0.449464929
491;0.292268676;1.291591756;2.51931682;1.917204586
492;-0.542484929;-0.317364716;-0.106301314;2.102971243
493;0.532316137;1.827721796;1.916467325;2.231341319
494;-0.071895638;0.278707288;0.077208435;-1.122066172
495;-1.648385734;-2.929952114;-3.450098142;-1.50271784
496;1.073804732;1.127217062;0.89973445;-1.058081243
497;2.200175813;2.791307884;2.565742353;4.43508396
498;-0.450651156;-1.197891938;-2.88859084;-6.882944875
499;1.254714186;0.487389513;0.679542965;1.831938807
500;-0.575734584;0.251856668;1.38301465;1.695934428
501;-0.952932689;0.622316714;0.102927093;-2.796440146
502;2.25468506;2.038804077;1.719512658;4.799357122
503;1.753432048;1.539800324;-0.042567674;2.323844376
504;0.511613802;0.840906495;1.434941247;2.807734727
505;-0.841867662;-0.852260828;-0.257359091;1.000530825
506;-0.342443007;-0.997558433;0.113357393;1.123929655
507;0.611902271;1.106027303;2.547052281;4.187862533
508;0.458917072;0.823057228;0.078183711;-0.891180366
509;0.330305218;1.2297216;2.182753656;4.349539189
510;-0.320510639;-0.365647107;-0.415700003;0.350429699
511;-0.118243944;0.242303523;-0.994453533;-3.329529585
512;-0.321449997;1.151428025;-0.467701636;-2.557308023
513;0.948895917;1.768617662;2.952399489;4.251443669
514;1.059145682;2.083077913;2.329365776;4.426655305
515;0.210441357;-0.309646515;0.930245454;1.905106971
516;0.161724179;-0.482165389;-1.276196762;-1.681925321
517;0.428868318;1.674819074;3.450221758;5.592052376
518;0.729076886;-0.499200092;1.637594973;4.281342083
519;0.824125036;0.652756271;1.03377743;2.221410321
520;0.795484338;1.603147186;1.961634796;3.991440266
521;1.750205815;1.129489796;2.111093759;4.228015301
522;1.830803749;1.694443815;1.735196581;3.48739613
523;0.058984953;-0.929179214;-1.240322143;-0.084271072
524;0.451070547;1.339159646;-0.136532003;0.27283352
525;1.887787531;2.093832939;2.552548636;4.932882113
526;-1.868812748;-1.673250586;-2.449184108;-1.505679382
527;-1.680835074;-0.455538897;-0.425157823;-1.705905602
528;1.159227086;1.502117649;0.677380887;-0.543613636
529;-1.345109504;-1.823975785;-3.453818277;-3.661281966
530;1.452898159;1.972569056;2.205109389;2.282467435
531;2.263654516;0.544919385;1.931971419;8.634458369
532;-0.527781814;0.209694008;-0.183400647;-1.066913378
533;-0.283411181;0.126734168;2.027290531;1.841947513
534;-2.301396292;-3.468718927;-3.097124622;-2.438790896
535;0.079370772;-1.010901116;-1.826360755;0.193473747
536;-0.269032468;0.095350945;-1.263544162;-4.127920726
537;0.662307247;1.984831565;1.234361186;0.431185196
538;0.880729041;-0.208442238;0.887653633;3.026462831
539;0.294892877;-0.770745127;-1.209313169;-1.130662027
540;-0.801718427;-0.131825018;-0.066669186;0.46760798
541;-2.486999752;-2.204804787;0.023812959;-0.541448716
542;0.51395489;0.690731877;1.344367194;1.708038113
543;0.643543323;0.213553398;-0.36594903;0.170903998
544;-0.902134617;-2.036283713;-2.557205174;-0.682311582
545;-0.292821278;0.904505779;1.074492785;0.204627842
546;1.077999999;1.107820443;0.734712637;1.335153501
547;-0.721837986;0.969908283;1.369605543;1.336069064
548;0.111452487;0.774813768;1.992259729;2.995183463
549;-1.004022436;-1.374835664;-1.850791196;-2.791451081
550;-0.850654049;-2.343917117;-0.90378975;-0.313355503
551;0.19873413;-0.764011962;-0.753453451;-0.978036877
552;-1.00871727;-1.144993959;-1.77360869;-1.207661806
553;-2.292684415;-1.435251617;-2.007563489;-2.933325859
554;1.477134623;-0.036102693;-0.355048278;1.502287994
555;0.150513608;0.922386848;-0.813638051;-2.088826515
556;-0.06543195;1.5654514;2.762177246;1.035335704
557;0.206794938;-0.830024001;0.750374519;2.954764936
558;0.752531871;-0.345443139;1.349205676;3.471592897
559;-0.680525177;-1.813095509;-1.101827947;-0.738221618
560;-0.110238935;0.371342128;2.64498549;2.329581489
561;-0.149092015;0.76455746;1.68937585;0.246045055
562;0.071521476;1.189721464;3.487914753;3.611918516
563;-1.801790214;-2.916505453;-1.253167252;1.776331718
564;0.749260121;-0.08341708;1.711886538;3.918678005
565;0.243691486;0.388141888;-1.217795474;-1.560563207
566;-0.233673544;0.961110771;1.654174669;1.835085296
567;-1.180226182;-0.764394476;0.309692615;-0.101669938
568;0.361774094;0.056451894;-1.587092375;-2.137605759
569;2.319335708;2.599072716;1.946723282;3.448749298
570;0.197934973;-1.25606011;-0.844752225;-0.888753849
571;0.838567618;-0.224683724;-0.288038373;0.950649556
572;-0.367198688;-1.126014744;0.17253858;0.531716624
573;0.684872152;2.129164188;1.254547376;0.896941143
574;0.393049113;0.391660479;-0.042117259;-0.711644814
575;0.188629426;3.010697624;4.547625048;5.293776052
576;0.431808177;0.67527269;1.125519408;0.369723338
577;0.670160451;0.109365252;0.289671149;1.074064387
578;-0.316803313;-2.491829255;-1.256780271;1.745864062
579;0.549099311;-0.237802177;0.483001103;1.69874941
580;0.567347737;0.504153076;-0.200861391;0.329452497
581;-1.21936972;-0.829971599;-1.437503429;-2.216621845
582;0.364833962;0.002176565;-0.458975792;0.780870271
583;-1.239886953;-1.245665681;-2.488636034;-2.487545475
584;0.221373259;1.448066262;2.974977351;2.608835618
585;-0.199217016;-0.367569358;0.360474842;1.566886239
586;-0.783094396;-1.380035916;-1.097908398;-1.381751272
587;-0.978693274;-2.904273673;-3.920161059;-2.134711176
588;1.553416776;2.106881862;2.845821296;3.757768498
589;-0.037203503;2.490282555;1.25036128;-2.427131736
590;-0.426473098;-0.144920454;0.237659384;0.258491379
591;-1.682766057;-1.951561721;-1.827138334;-2.536774964
592;1.493586951;2.477130054;1.251001072;0.758046794
593;0.468422921;0.973575242;1.236203304;1.428506419
594;-0.834420276;-1.729456866;-1.934161868;-2.584110644
595;-0.613192147;-2.767384793;-2.118771247;-0.622734142
596;0.287452813;-1.241632291;-1.756642784;-2.326021533
597;-0.536001944;-0.78296116;-0.191866763;-1.01354545
598;2.5182905;2.901110598;3.484727717;6.645660651
599;-1.457009126;-0.387940993;0.509177747;0.866345455
600;-1.419477663;-0.337662635;-0.796154004;-2.388718832
601;-0.934492819;-0.282861776;-1.502533353;-2.631590822
602;0.273279333;1.197010583;1.382754037;1.927360713
603;0.326380838;-0.76177052;0.604396736;4.053253299
604;-0.654337848;0.602384234;0.098380873;-2.401579688
605;0.391405571;0.215197769;-0.840324495;-2.271461451
606;-0.709907976;-0.879822286;-0.667847412;-0.06599707
607;0.202291455;1.133920758;-0.747899303;-2.657080717
608;0.629805326;-0.913909653;-0.037061841;-0.232462504
609;1.053641942;0.495520091;0.684885309;1.993354021
610;-1.87363712;-0.908199584;-2.381679934;-3.254498594
611;1.171530535;-0.326735862;0.828399687;3.029130829
612;0.785498845;0.923847658;0.260802736;0.824122514
613;0.519761675;-0.416348948;0.170877654;1.602677102
614;0.037300179;-1.160513853;-1.600609568;-1.756377453
615;-1.950865008;-2.669619929;-3.756372747;-4.023388277
616;0.455084167;1.078956875;0.538352281;-0.410355829
617;-0.50855518;-0.987482619;-1.531833101;-3.174676201
618;-0.45278397;-0.594986374;-0.692387931;-0.324724176
619;0.249540095;1.028499477;-1.026169814;-2.819509127
620;-0.61004727;0.192082164;-0.05570775;-2.281642565
621;-0.501918527;-0.370079128;-1.597006885;-0.682022774
622;-0.056136097;0.326766046;1.124629658;1.619060297
623;1.764876286;1.73821192;2.481974936;3.451177318
624;0.94104003;-1.480330571;-0.130480545;1.840341653
625;-0.598830545;-0.33927146;-1.298043742;-2.591691546
626;-0.326747554;-0.233874593;-0.274488131;-2.644945271
627;0.743158339;1.575377643;1.611778839;0.73233166
628;0.899562718;-0.180493434;-0.263349218;1.155637233
629;0.877239772;1.157701386;0.900778644;2.336746119
630;-0.419368368;-1.488567142;-0.419970729;0.176531
631;0.60871472;1.618204822;0.641582594;-2.119425174
632;-1.357608531;-0.590453468;1.147319106;0.860680569
633;0.90706692;0.119769185;0.762804768;1.981862884
634;0.454573427;1.621881445;1.22959301;1.623284336
635;0.388116615;-0.605368322;0.244248769;1.262013755
636;0.755057577;0.119956722;0.841732515;1.839645795
637;-0.838508781;-0.945282463;0.3812043;-0.062887413
638;0.96801113;0.940742493;2.841996834;4.296502457
639;-0.276037389;-1.670918992;-1.972724444;-1.015713631
640;-1.104994865;-0.088701499;-0.324061184;-2.266366073
641;0.740735098;2.336379185;3.172549166;3.000966867
642;0.201858623;-1.270176816;-0.812910262;0.334201552
643;0.7304803;1.621934861;1.211272826;1.041746837
644;-0.105562215;-0.395549726;0.826819917;1.619558059
645;-0.706997954;-0.000207421;-0.843755267;-0.969061901
646;1.947462976;2.488773075;3.963572174;7.68074897
647;-1.254522196;-1.196409046;0.377613092;-0.365812046
648;-1.018195721;-1.818418172;-1.558690452;-0.698176599
649;0.493620714;2.462374105;2.586088285;2.736928673
650;-0.7054678;0.779604481;1.026408833;-0.196183809
651;-1.44889707;-0.868141536;-0.127580163;-0.588859302
652;0.765642611;2.118600977;1.646767266;1.915647985
653;0.592441697;0.380188657;-0.527395304;-0.7271605
654;-0.567710867;-0.824149599;-2.996839182;-5.321532765
655;-0.572926865;-0.068637692;-0.277525499;0.602067899
656;0.005008943;1.319674286;2.857850256;1.380325651
657;-0.099261192;1.575366701;2.084277542;1.814244198
658;-0.073728592;-0.421734583;1.059538716;2.683075598
659;1.576078916;1.237020796;1.761856166;3.335511838
660;-2.554547085;-0.468927611;-1.706995975;-2.674732861
661;0.26268802;0.11283502;0.300994921;1.31764898
662;0.927263051;1.904477743;1.49239706;2.521758932
663;0.868657509;2.744152019;3.464585998;3.56689086
664;-2.099093202;-1.015699415;-1.251268013;-2.517819968
665;1.794006034;1.067213963;0.503495035;2.28067947
666;-1.211574569;0.007362778;0.818027288;1.34215321
667;-1.472819762;-0.559938415;-0.385798789;-2.144444901
668;-2.247341938;-3.402750969;-4.090373968;-4.549830122
669;0.423133083;0.927648812;0.32585512;0.350480223
670;0.385544485;1.471995361;0.527041439;-0.828052896
671;0.780190573;0.07498749;0.194263027;2.632989373
672;0.021126926;-0.428775141;-0.18602706;0.898070409
673;0.782017074;1.120075347;2.422691355;2.845109961
674;-0.479311142;-1.207676288;-0.17127299;0.450531456
675;-1.052414928;-1.065130958;-0.66510753;-0.742674624
676;0.608225147;-1.489732277;-1.070161565;0.388362453
677;-1.58035621;-1.532303267;-1.65628901;-1.735865116
678;1.40075502;1.875285823;2.811587866;4.514268789
679;1.16711015;0.299254402;-0.70422528;-0.235898999
680;0.378864648;0.362507118;1.476072145;2.980569358
681;-1.603003115;-3.853306786;-2.573171567;-0.88312654
682;1.546009203;1.418817811;1.979396699;3.125571275
683;0.395709538;0.604034235;0.446627559;-1.213968058
684;-0.89943736;-2.234632212;-2.145120758;-0.87013478
685;0.813626018;0.873663031;0.81592662;2.013267732
686;-0.818196848;-0.893418259;-1.9292673;-2.918712924
687;-1.126403107;-2.46370972;-3.329036792;-3.590927036
688;-0.646627873;-0.913255639;-0.649990581;0.541577273
689;-0.008336486;-1.656567835;-2.941282755;-2.562603354
690;-0.908434705;-3.882336358;-4.632633334;-4.975947905
691;0.340170247;0.815513925;1.064163426;1.51996692
692;0.139488732;-1.295138167;-1.574032874;0.220288183
693;0.169408081;-0.020764584;-1.43537945;-1.843177894
694;0.394213658;0.491902836;-0.971146579;-2.011279025
695;-0.332522803;-1.082669249;-0.569043919;-0.553333027
696;1.959894096;2.114875604;0.65793836;0.796683972
697;1.165910725;1.378404148;3.748826875;4.386785161
698;0.571660952;1.080734493;1.384918513;1.749859124
699;-0.154918016;0.535959352;0.231114545;-0.864870705
700;0.390900603;0.614468472;1.483677749;2.171031116
701;-0.329648178;-0.419369268;-1.111152993;-0.318245662
702;-0.038528961;1.278888808;1.384790434;1.411577426
703;0.095648925;-0.782826154;-0.879783153;0.454036288
704;0.014925251;-0.052946646;0.761357942;1.047981664
705;1.028749499;1.170042805;-1.340744782;-3.09066787
706;-1.125515163;-0.160571622;1.223443415;1.489180661
707;1.651020644;0.910318147;1.242089119;2.944485261
708;-0.707002697;-1.574853382;-0.598150216;-1.470876566
709;1.138281175;2.373782809;1.196667005;1.503288018
710;-1.028589005;-0.94010446;-1.192071548;-1.233683617
711;0.273357169;2.297047818;4.529666782;4.965584049
712;-1.19463136;-1.356192619;-0.632647062;-0.635928449
713;-0.221894592;-0.472893669;-1.337020421;0.478377158
714;-0.303415587;-0.758656365;-0.757591194;-1.363441967
715;-0.068620794;-0.091031047;2.370537358;3.148392656
716;-0.820664121;-1.635848363;-2.444109356;-2.250521619
717;1.012593153;1.117006701;0.43621538;0.334639474
718;-0.977679707;-1.405132335;-2.402465622;-2.107205489
719;0.405349225;-0.507478311;0.752754186;1.65116742
720;-0.613698304;-0.903677775;-0.347356102;-1.487784331
721;1.870386567;-0.393483855;1.039646152;3.969487908
722;-0.17743951;-0.331245062;-0.744992345;-0.485322249
723;-0.393347537;-0.469621895;-1.627749236;-0.180611702
724;0.943335183;-1.554234571;-1.281621592;0.168395413
725;-0.256991603;-0.382164077;-1.00710253;-1.00046297
726;0.649108934;0.295346571;0.886950628;2.35447029
727;0.500494999;-1.524475975;-2.168176518;-3.466794064
728;0.605516389;0.593146197;1.925759924;4.316083068
729;0.87424189;1.071414474;1.907143798;2.107932536
730;0.251344304;1.189256541;1.592145266;1.815334802
731;-0.233833495;-1.177731486;-1.498307209;-1.271345507
732;-0.05965716;-0.427576128;-0.71567215;-0.469211918
733;-0.013102681;1.26541519;-1.580342451;-2.391831569
734;0.095957069;-1.920585509;-2.330283637;-1.367736497
735;0.424035988;1.989230295;2.822409828;1.622040042
736;0.577285358;0.642531105;1.076877549;1.814123762
737;0.454951989;0.254923751;-0.181526385;0.819047088
738;-0.900926089;-0.459281977;-1.566412651;-2.27021076
739;-0.850939172;0.60399447;0.297379885;-2.654520882
740;-1.32295537;-1.310364578;-3.169291252;-3.534815277
741;-1.419980467;-3.049022966;-3.741953109;-0.350046312
742;0.261052696;0.043101518;-1.936589641;-2.010201606
743;-1.245416254;-1.221827941;-1.804811186;-3.130430993
744;0.169495671;1.839880234;2.776960298;0.977425947
745;-0.380426374;-0.913854565;-2.533309452;-3.25885632
746;0.774425695;-0.88460248;-0.929721168;0.207891367
747;1.529247669;2.221552232;2.373234693;2.305742438
748;0.618042367;1.985781707;1.441148668;1.561148258
749;-1.659073541;-1.273887363;-0.960087992;-2.451127443
750;2.521895114;3.51853714;3.647310555;6.998180246
751;1.080848155;1.651825647;4.880157688;7.127943615
752;0.360580302;0.027768483;-2.120756148;-2.141379751
753;0.012972089;0.350067779;-1.216097663;-0.315183672
754;-0.515353429;-0.522748284;0.410161091;1.980273664
755;-1.052656937;-1.497021306;-1.004240887;-1.34718325
756;0.912827268;2.480674546;2.739434404;3.438087065
757;-0.517611796;0.5988039;-0.270298216;-2.021692138
758;0.986109256;0.795792576;2.525653698;3.854393335
759;-0.125099841;-1.967804819;-2.119170761;-1.74405197
760;1.153848297;0.914944133;1.780999609;3.571971193
761;-0.190529182;-2.083793099;-2.530201308;-2.363483977
762;-0.312751991;1.030589985;1.774824496;0.967402771
763;0.687188727;1.230157786;1.743185468;2.880498854
764;0.082831434;-0.69573778;0.474534437;2.941425343
765;0.761226288;1.421132747;-0.170906748;-0.297118324
766;0.574382064;-1.209761148;-0.537445969;-0.190586977
767;0.369073371;0.030806449;-0.313450528;-0.655019777
768;-0.982324607;0.197985966;1.598176194;1.342645776
769;0.125037363;-0.442742235;-0.056312945;0.53807382
770;-0.840435733;-0.601749494;0.590690494;1.203274518
771;-0.597778439;-1.928179346;-1.817482497;-2.216704533
772;-0.465486218;0.875657551;2.040779401;2.27310946
773;0.055012775;0.669819598;1.760708752;1.068378984
774;0.381471135;-0.548887366;-0.985055603;-1.258025418
775;-1.569321236;-1.739681012;-1.317139645;-1.605689241
776;-1.418359928;-1.574293234;-2.72248961;-2.755891772
777;1.190850459;1.426303408;-0.513487692;-1.495777962
778;-0.772616209;-1.634455293;-1.982643793;-1.498155054
779;-0.227208091;-0.0079547;0.33731998;-2.154660225
780;1.817283008;2.7505625;3.275583028;5.342997872
781;1.213424049;0.518547917;0.266016124;0.641268746
782;0.124401121;0.850453544;-0.356157753;-0.779238952
783;0.680183181;-0.19203811;-0.621953427;-0.513268997
784;0.06324317;0.440464051;-0.143190543;-1.191858771
785;-0.107992889;-0.206219514;-0.341430616;0.351006694
786;0.796171072;1.033321548;0.150957675;-0.89582292
787;0.196205983;-0.879091692;-0.571139688;-1.58064476
788;0.483261176;1.672937977;1.320218467;0.363667523
789;-0.275745584;-1.716239216;-2.037568233;-0.415766572
790;0.090661266;1.246044614;1.364234988;1.234301104
791;-1.602025059;-2.387508689;-3.118565832;-2.378121338
792;0.758831728;-0.003504539;1.782219713;2.868325575
793;-1.068055597;-0.39273578;0.325057353;0.416985911
794;0.972859317;0.863029549;1.291315418;4.742000693
795;1.237861137;0.853815207;-0.003246428;-0.721536163
796;1.256790245;2.483436323;3.72909183;4.718824141
797;0.825658218;-0.301769749;-0.494751309;-0.330861931
798;-0.1957927;0.948201678;2.422664795;4.587192483
799;1.619786634;2.585728608;2.845159842;5.709995034
800;-1.264528057;-2.333015508;-1.512601557;-1.812141534
801;0.448602298;0.395534293;0.160389435;-0.306847112
802;1.383046272;0.90545025;1.058963463;1.410919441
803;-2.210453133;0.569955887;1.977053745;0.939661974
804;-1.618628581;-1.040748327;0.348466879;-1.362697423
805;-1.317818831;-0.778959081;-0.12658331;-1.196324947
806;1.305604862;1.031023755;2.058583438;3.757421359
807;0.446573319;0.207144008;0.783693562;2.066813133
808;1.073786084;0.163967121;-1.105138803;-1.494928424
809;0.08079745;0.046375921;-1.656237405;-1.782288621
810;1.252753069;1.640625799;1.331010994;1.599453272
811;-0.445001394;-0.451299311;1.468670055;2.226651931
812;0.511496335;1.151670352;-0.423849884;-1.509939688
813;-0.419327615;-0.913749619;-1.746467557;-2.193530894
814;2.074536428;2.47342414;2.54682998;2.83136435
815;0.668067368;2.02927207;1.730859705;0.332484987
816;-0.034792799;-0.829609953;-1.080399689;-0.189405097
817;0.051823339;1.079806994;0.159705695;-1.011460784
818;1.453597344;1.874677234;1.991322939;3.52470236
819;0.405183438;1.53369729;2.580343173;3.177592438
820;0.891616054;-0.506233582;-0.867141215;-0.136602434
821;-1.148599007;-0.460197796;1.125476728;0.797260436
822;-0.828029131;-0.17837863;0.003858577;0.290686609
823;-2.564915192;-3.530798666;-3.023662462;-0.291034975
824;-1.087427967;-0.317845806;-1.694094507;-2.117994909
825;-1.308913021;-1.306030751;-1.566938052;-2.680735747
826;-0.33697173;-1.647969126;-1.902981443;-0.627085313
827;0.708562519;0.956641139;0.269379248;-0.243015351
828;-0.044662087;-1.006939688;0.015504486;0.098362759
829;-1.083152246;0.188067366;1.421132469;-1.146586571
830;0.215737689;-0.459381934;-2.207082791;-2.946144327
831;0.42933495;0.626247934;1.176573062;2.783238707
832;-0.124115069;-0.603891178;-1.253105745;-0.579058014
833;0.870034623;0.741079932;1.03696824;2.7732768
834;0.763384194;0.296546026;0.328358835;1.991396151
835;0.158418437;1.733960085;1.356935679;-0.768991692
836;-1.273343131;-2.786298861;-1.552756491;-2.104955991
837;0.171974326;0.509282217;0.618773383;-0.320389007
838;-0.372343514;-0.80510339;-0.611132404;0.292990408
839;-0.175660553;0.188380506;0.077643009;-0.126105447
840;-1.634534389;-2.009483759;-2.043500588;-4.005420743
841;-0.473740102;-0.479854123;-0.105279843;-0.230515981
842;-1.745737052;-0.247596133;-0.71153655;-2.935257126
843;0.526929175;-0.244830943;-1.680215731;-1.469167572
844;2.696068416;3.143506007;1.593827134;1.914806939
845;0.330523327;0.009937536;-1.098439851;-0.666417482
846;-0.508895058;-0.554977486;0.650406505;0.623606461
847;0.976585734;-0.884431411;-0.075217163;-0.88234572
848;1.865434637;0.757394341;0.373857271;1.860352042
849;0.818917184;-0.14327017;0.155279987;2.433603537
850;-0.078922682;1.199321974;1.077435915;1.061825433
851;0.926590439;1.227010661;0.191345272;1.171544293
852;0.653762287;-0.552647427;-3.109527549;-3.229560413
853;-1.086561002;-2.155484536;-3.220574274;-1.708805928
854;-0.049746549;-1.280313325;-1.63125005;-1.327505422
855;1.176064306;0.393026146;-0.123682262;0.636878784
856;2.004458159;2.676998454;3.617820871;6.483039812
857;0.871768636;3.033268067;2.619986365;1.227544763
858;0.98250299;1.495715129;1.446187743;2.401508064
859;1.355605378;1.732037549;0.883824596;-0.53978193
860;-0.323675499;0.36652956;2.199251573;2.533241801
861;1.34843003;1.54379106;2.47507841;6.476197824
862;0.095335559;0.199094656;-0.526232089;-0.572178075
863;0.672500078;-0.532902494;-0.864967512;0.517492629
864;-0.824967268;-0.287794811;-1.355601919;-2.259775257
865;0.001128132;-0.080650513;-1.315047804;-1.343347342
866;0.589883405;0.157452749;-0.759556207;-1.434395761
867;1.575541952;1.1243861;0.62703332;1.974661614
868;-0.821611209;0.064732901;-1.392771855;-1.706503701
869;0.794919506;-0.104744749;0.724239646;3.140644676
870;0.49432602;0.208591552;1.359621224;1.596935206
871;-1.650512779;-2.025147052;-2.340363947;-1.986723145
872;-0.517556294;1.034738223;2.037064955;1.372187614
873;-1.143581519;0.145800335;-0.335349161;-1.545597209
874;0.816380979;1.574047811;0.886435894;1.958200175
875;-0.462676647;-0.73789201;-0.152759323;0.173997783
876;-1.18368587;-1.631753967;-1.548215046;-0.566231552
877;-0.383985021;-1.506825956;-1.086837531;-2.096176162
878;0.530512998;0.985489244;1.324108385;2.181951513
879;0.518836095;-0.745788099;-1.927266028;-2.245489415
880;0.195602417;-0.582053595;-1.948896339;-1.464571184
881;0.668972543;0.772196285;1.494690722;1.842657303
882;-0.073551269;0.623976077;0.335413032;0.767213213
883;-1.148233375;-2.022335148;-2.692978359;-1.659781724
884;-0.049148713;-0.076496161;0.326683562;2.141591176
885;-0.04715903;-1.559376758;-2.820785075;-1.168662839
886;-0.366275659;0.826255479;0.640306166;-1.399471588
887;-1.7426018;-2.513049833;-0.730798936;0.071192695
888;-0.914054401;-0.468311174;-0.430907306;-1.491966232
889;-0.07227498;0.875172429;2.52195189;3.849247716
890;-0.207228875;-0.693151471;-0.326431993;-0.856044252
891;-1.461644422;-2.090104003;-3.578435056;-5.074030507
892;1.143611542;1.65059871;2.123005177;4.082289438
893;-0.499440923;0.064913938;-1.666865568;-1.77259
894;0.358597694;1.243400277;1.109068771;0.21504754
895;0.298928902;-0.623446848;0.662830225;1.413342685
896;0.850793688;0.076519703;-0.682822066;-1.288893973
897;0.755975568;-1.168889419;-1.574326901;-0.039546744
898;-1.446430795;0.273045503;0.283593157;-1.10350503
899;-0.99714303;-1.899363057;-2.865922519;-1.964099344
900;-0.968445455;-1.227384192;-1.663194092;-1.946093181
901;-0.708945998;-0.056159452;0.086622259;0.064742118
902;0.030707157;-0.566457962;-1.233832216;-1.750681737
903;0.226152245;-0.499936101;-0.446312428;-2.070485168
904;-0.594800559;0.075862625;-0.273081377;0.135157839
905;1.018686307;2.023626665;-0.616162998;-1.698673436
906;-0.864031909;-2.894433797;-2.568890932;-1.701308905
907;-0.314431222;-0.829532156;-0.195412385;-0.100202419
908;0.093702969;-1.68009754;-2.560836183;-3.197556717
909;2.164803567;2.811690117;3.857614705;6.279194835
910;-0.404282849;-0.268581582;-1.12164249;-2.741965856
911;-1.753558835;-1.226285035;-0.663316461;0.252154343
912;1.623675276;0.971096864;0.254278989;3.04719112
913;-1.806142539;-1.381837239;-1.073754864;-1.573747322
914;-1.08242542;-0.765295002;-2.350599235;-2.365738125
915;0.789878964;-0.581052295;1.253171832;4.666754698
916;1.377458636;2.011329053;0.093063935;1.969447237
917;-0.090814937;-1.199700042;-2.041542525;-1.759087258
918;-1.364268258;-0.799171133;0.084553612;0.176445946
919;-1.354297333;-1.225854286;-0.615722773;-1.491098042
920;-0.67824716;-0.241561559;-0.80060922;-1.702804605
921;-0.623289183;1.244710236;2.721414011;4.12395027
922;0.354457551;-0.459313379;-1.600687902;-2.29911358
923;-1.292737183;-1.619718979;-4.724999598;-5.584324873
924;-1.203306889;0.022258691;0.229640605;-0.620502419
925;-1.286548227;-2.526410741;-1.768685009;1.233957457
926;0.016240812;-1.936103158;-1.535665662;-1.149266938
927;0.85111439;1.073044846;0.162069384;-1.189505367
928;-0.273898361;0.356615634;-0.605044328;-2.986367185
929;0.500768862;0.229446521;0.627952022;0.930789487
930;-0.606311166;-1.420082237;0.236616347;1.301417085
931;1.743997617;0.459704989;1.181070349;4.581152407
932;-1.016259445;0.212566469;1.015879829;-0.28355025
933;1.391776152;1.776960662;1.234836999;2.062344961
934;-1.123715892;-1.968138806;-2.331786388;-1.546026112
935;1.031562637;1.455921139;1.04200476;0.623011602
936;-0.051730772;-1.616171644;-1.178425382;1.10322731
937;0.391018833;0.001743783;-0.103010929;0.797241465
938;-0.623130387;-0.424833739;1.040426467;2.61963508
939;0.647050713;1.046273586;0.961661723;2.107228426
940;-0.304190573;-0.944126062;0.175932561;1.314228431
941;-1.330725063;-1.92623905;-0.792003778;-0.975167581
942;-0.531093971;0.74928948;1.241635088;0.20005228
943;-1.471027243;-0.925695369;-1.3458951;-1.936771786
944;0.007200201;-0.966556049;-0.312521724;0.087796959
945;-0.60376443;-2.871360832;-3.819315425;-2.527105227
946;0.293966201;2.330590177;2.675144099;1.796192848
947;-0.612321349;-1.868727969;-1.506749847;-0.96390444
948;-1.09632939;-2.808334407;-2.871320813;-2.429202899
949;-0.762251947;0.833059614;1.415444854;0.162660464
950;-1.122909667;-2.932749668;-2.930966868;-2.226384222
951;0.008505273;0.746583815;0.364587202;0.344687474
952;0.34534006;-0.443183557;-0.441745357;-0.054940221
953;1.133477861;0.325017722;0.594509194;1.564007752
954;-0.142766078;-0.659079151;0.243283156;-0.184917912
955;0.510141848;0.5129277;2.222247765;3.136084319
956;1.620933589;1.902652198;1.319524208;3.684294196
957;-1.052061642;-0.995397835;2.259561125;2.696553651
958;-0.437873918;0.330599789;0.330345059;0.922147614
959;-0.242259642;-0.250986848;-0.355355059;-1.180869117
960;0.693152114;0.522835556;-0.525946859;-0.087498601
961;1.090350599;-0.056729783;-1.827007896;-3.647356046
962;0.421499282;-1.176263927;0.311692857;1.599002991
963;0.782859705;-0.490819106;-0.902645794;-2.049529373
964;-1.268170125;-2.654973428;-2.606375875;-0.507147987
965;-0.419737001;-1.474681938;-1.693957181;-0.881204095
966;0.453752844;2.166612415;1.985308117;0.576112133
967;-0.229118614;-0.549282366;-2.759984104;-3.750500759
968;0.251224617;0.642545374;1.853605865;2.656700074
969;-1.205168028;0.067301663;-0.428660687;-0.804496485
970;0.424369371;-0.52151254;-0.345142193;1.08164182
971;-0.124386899;0.174830056;1.872506255;4.247629379
972;0.147982404;0.143159878;-1.556433772;-2.261387145
973;-0.717090507;0.160525404;0.048603768;-0.011312915
974;1.899991666;1.314564279;1.558404558;3.389131708
975;1.291264136;1.260720353;0.178884804;1.936645545
976;-0.262555278;-1.543923263;-1.692917504;0.208806395
977;0.947375504;1.340275056;1.087221635;0.5409711
978;-1.178032946;-1.423955634;-3.749521022;-2.148685525
979;0.076283618;-1.052055907;-1.247784331;-1.960071519
980;-0.730715634;-2.619730695;-3.730878284;-2.316401247
981;-0.66758023;-1.366300225;-2.346624579;-1.56122778
982;-0.249320797;-0.338388468;-0.308639562;-0.63746484
983;0.443024095;0.216659805;-0.879542234;-1.029828444
984;0.497236145;1.0060368;0.785790627;1.81958794
985;-0.917815112;-1.061632818;-2.460263248;-2.79579545
986;0.998311162;0.685991689;0.871498599;1.136924196
987;-0.6400275;-1.415498221;-0.213855737;1.568517253
988;-0.191830778;1.390017995;2.827790112;5.19449975
989;-0.388383588;0.451678854;-0.163210674;-2.160551774
990;0.09329212;-0.798904205;-0.229869053;1.346571349
991;-1.223568119;-2.089491831;-0.75646734;0.555047628
992;0.017908562;-0.439413561;-1.031208238;0.235354454
993;0.283841986;-0.57074437;-2.647400491;-3.048554116
994;0.750020955;-0.942214031;-1.04383134;0.135943013
995;0.183454342;-0.355942145;-0.740951037;0.101193112
996;0.861121917;1.549086376;0.109770897;-0.485634287
997;-1.081775028;-3.068237447;-4.054418048;-2.630545133
998;0.290888738;0.892382752;-1.141894323;-2.328048672
999;0.869034574;0.617277531;2.200795888;3.826327203
1000;0.44008223;0.003333905;1.304536301;3.79198264
